Round,Train_accuray,Test_accuray,Test_validationset_accuray,Train_FNR,Test_FNR,Test_validationset_FNR,accuracy,f1,precision,MCR on train data,MCR on test data,AvgD on train data,AvgD on test data,retrain_time
0.0,0.9642810414758604,0.9619131975199292,0.9619131975199292,0.043105686834588416,0.046811000585137506,0.046811000585137506,0.9615957130098244,0.9619131975199292,0.9707985697258641,0.9265125941313944,0.907305095150399,55.213225524530316,56.758747697974215
1.0,0.9753042656268462,0.9663984855655466,0.9597394908229722,0.019714964370546317,0.025763358778625955,0.028759736369083282,0.9595117594522179,0.9597394908229722,0.9712402636309168,0.990651778758764,0.9901780233271946,38.596792557881855,38.78268876611418,415.6822458040115
2.0,0.9791800421902229,0.968898646176363,0.9569635385534967,0.013126271029765206,0.025036818851251842,0.021991447770311544,0.9571300982435249,0.9569635385534967,0.9780085522296884,0.9246948844455986,0.9042357274401474,58.82417092016787,58.2829957028852,782.1708241090091
3.0,0.9672954061454214,0.9657264179557173,0.9293113954905545,0.020637609733559218,0.02510716472749541,0.030514939605848695,0.9309318249479012,0.9293113954905545,0.9694850603941513,0.9942871981303557,0.9950890116635973,35.134755208807555,34.187231430325355,839.5948695169936
4.0,0.9566393917917659,0.9536321483771252,0.8966165413533835,0.024954032046230628,0.027836134453781514,0.03506405933917734,0.9017564751414111,0.8966165413533835,0.9649359406608227,0.39574136587899245,0.3511356660527931,13.726786052538156,12.372007366482505,924.8998859440035
5.0,0.9823494335122243,0.9743589743589745,0.9562858004220681,0.012113216598704726,0.024251069900142655,0.013681592039800995,0.9568323905924382,0.9562858004220681,0.986318407960199,0.8821085432355232,0.8637200736648251,40.51308550365478,40.64027010435851,977.3511244850088
6.0,0.974470109413817,0.967522818934409,0.9303329223181257,0.01527614571092832,0.01767241379310345,0.016938110749185668,0.9327180708544209,0.9303329223181257,0.9830618892508143,0.6928070631004933,0.6550030693677102,23.594291087652447,24.67219152854512,1056.9077943729935
7.0,0.9842664092664092,0.9792916586026708,0.9522370012091899,0.010480349344978166,0.012875536480686695,0.0150093808630394,0.952962191128312,0.9522370012091899,0.9849906191369606,0.9810438847052714,0.9699201964395334,32.69619781358371,31.969306322897484,1143.590277943993
8.0,0.976625400398234,0.9736750952545896,0.9259374031608305,0.014587700908455625,0.017132867132867134,0.015810276679841896,0.9288478713902947,0.9259374031608305,0.9841897233201581,0.782653856141262,0.7409453652547575,20.1084162752532,20.122160834868016,1228.5357051120081
9.0,0.9759387095487012,0.9784929106260952,0.9225986944358098,0.015061211340206186,0.014125200642054575,0.015915119363395226,0.9258707948794284,0.9225986944358098,0.9840848806366048,0.7192936899506621,0.6771025168815225,26.38164989941855,25.901780233271946,1314.929488802998
10.0,0.9676260339084547,0.9672033392963626,0.8859955541441727,0.021052631578947368,0.025240384615384616,0.03125,0.8931229532598988,0.8859955541441727,0.96875,0.6099714359906517,0.5586249232658073,15.910710410876382,14.391037446286065,1408.4690689299896
11.0,0.9780706415842988,0.9790308869368093,0.9174484052532833,0.01315413211323992,0.012292738707833047,0.014775016789791807,0.9214051801131289,0.9174484052532833,0.9852249832102082,0.6738509478057647,0.6384284837323512,18.484152291161784,18.723143032535297,1472.6877063449938
12.0,0.9787818858311266,0.9788600481669788,0.9137660708686108,0.012312271681775133,0.014016172506738544,0.015540540540540541,0.918130395951176,0.9137660708686108,0.9844594594594595,0.9379381978706829,0.9238796807857581,21.982763368030536,21.073664825046038,1526.5163170540036
13.0,0.9845170498619257,0.9829961524140499,0.9332509270704574,0.008747266479225243,0.01,0.011132940406024885,0.9356951473652872,0.9332509270704574,0.9888670595939751,0.9859776681381459,0.9791282995702886,37.54905005941503,37.838551258440766,1612.2552494540141
14.0,0.9808398115770309,0.9802197802197803,0.9103535353535355,0.011014627892068302,0.010740135419098762,0.011651816312542838,0.9154510270913963,0.9103535353535355,0.9883481836874571,0.7143599065177876,0.6838551258440762,8.109197181001031,9.161448741559239,1686.8571791910072
15.0,0.985872911169745,0.9845140032948929,0.9348161878282361,0.007745504840940526,0.009721608484312859,0.00981675392670157,0.9371836856207204,0.9348161878282361,0.9901832460732984,0.757465593352376,0.7243707796193984,49.96970055313631,50.06077348066299,1758.185501636006
16.0,0.9851751318056063,0.9839080459770114,0.9244694132334582,0.008562723261189325,0.008842105263157894,0.009364548494983277,0.9279547484370348,0.9244694132334582,0.9906354515050168,0.9010646585302519,0.8827501534683855,31.04134713831546,31.68631062001228,1810.982870235006
17.0,0.981828955164922,0.9818540433925049,0.8991060025542784,0.009908878155654036,0.011124354390147001,0.010541110330288124,0.905924382256624,0.8991060025542784,0.9894588896697118,0.4736432095559595,0.41190914671577655,11.840587658973977,11.848373235113566,1902.802528144006
18.0,0.987838031191873,0.9855764638456395,0.9384002451731536,0.010746525290156184,0.011307014181678805,0.014800514800514801,0.9401607621315868,0.9384002451731536,0.9851994851994852,0.8574396260711503,0.8391651319828115,65.15334274262014,65.03867403314918,2005.2121385409991
19.0,0.9861633499737856,0.9854280510018214,0.9170333123821497,0.007296925195043598,0.008976002930939732,0.009504412763068567,0.9214051801131289,0.9170333123821497,0.9904955872369314,0.9220981563230329,0.9066912216083487,33.27601740968528,34.01473296500921,2047.5942204950115
20.0,0.9832719393282773,0.9815440603067326,0.8915352429996781,0.009040880503144654,0.011000523834468309,0.009298998569384835,0.8996725215838047,0.8915352429996781,0.9907010014306151,0.5362243573097897,0.4732965009208103,11.012910494981256,11.623695518723142,2155.225287092995
21.0,0.9835775644264779,0.982500420662965,0.8915352429996781,0.008615933109800094,0.010506693780715132,0.009298998569384835,0.8996725215838047,0.8915352429996781,0.9907010014306151,0.5336276291872241,0.4904849600982198,25.734815152415198,25.67280540208717,2184.850235969003
22.0,0.987927111730584,0.9852241011328189,0.9208137715179969,0.006759263075464699,0.008263097008758883,0.010094212651413189,0.9246799642750819,0.9208137715179969,0.9899057873485868,0.6172422747338354,0.567219152854512,43.68510182963303,43.529772866789436,2274.59618623399
23.0,0.9844205648543922,0.9832321941871606,0.8943141663989721,0.008329979879275654,0.010128617363344052,0.008547008547008548,0.9020541827924977,0.8943141663989721,0.9914529914529915,0.7917424045702415,0.7593615715162676,16.033508242129567,15.170656844689994,2379.5479007809918
24.0,0.988622628115347,0.9862487516324805,0.9197492163009404,0.005865102639296188,0.00711523588553751,0.009453072248480757,0.923786841321822,0.9197492163009404,0.9905469277515192,0.7398078421189301,0.7047268262737876,39.76731953869411,40.42173112338858,2429.1609154469916
25.0,0.9850330535541855,0.9833407704893649,0.8867313915857604,0.007781227787961543,0.008102025506376594,0.007965242577842143,0.8958023221196785,0.8867313915857604,0.9920347574221579,0.5196052973253701,0.46101903007980355,7.782736889383068,9.749539594843462,2511.343836421991
26.0,0.98826639626263,0.9890173410404625,0.9195114312558722,0.006335797254487857,0.007828356045230501,0.01078167115902965,0.9234891336707354,0.9195114312558722,0.9892183288409704,0.8086211373669177,0.7796193984039288,23.296944807023714,23.865561694290978,2589.1161170900014
27.0,0.9853435007695537,0.9855396437303527,0.890035472428249,0.0077145272650415665,0.00899128968811464,0.008620689655172414,0.8984816909794582,0.890035472428249,0.9913793103448276,0.626850168787328,0.583793738489871,9.827368778966038,10.484960098219766,2623.5853072710015
28.0,0.9854830465155904,0.9865886037170671,0.8879560865353567,0.007924528301886792,0.007805011639052444,0.009365994236311239,0.8966954450729384,0.8879560865353567,0.9906340057636888,0.43443261490521945,0.3812154696132597,10.101040957391264,9.876611418047881,2708.6929574109963
29.0,0.988078541374474,0.9876378215836952,0.9063883617963313,0.007013893549902678,0.006720430107526882,0.013764624913971095,0.9118785352783566,0.9063883617963313,0.9862353750860289,0.8538042066995586,0.8354818907305095,15.609003965175187,14.376304481276856,2783.777078367988
30.0,0.9883687212037247,0.9863366847125546,0.9020979020979022,0.006863506863506863,0.008679880813576887,0.012526096033402923,0.9083060434653171,0.9020979020979022,0.9874739039665971,0.6837185146715139,0.6445672191528545,11.438263081037107,11.017188459177408,2877.660605755009
