,activity,api_call,call,feature,intent,permission,provider,real_permission,service_receiver,url
0,25.878729790927757,26.76083016556808,3.6328164355948185,5.16283633347028,10.719125196319434,27.134064772670442,0.9037221913242292,6.846012299880375,31.716638439836238,92.96426999950235
1,25.889184267301705,26.905504658015634,3.653383073584454,5.148856969733562,10.752022285551465,27.277986589135114,0.9086049741304489,6.918712886576533,31.758401318696087,93.17586368052302
2,25.87658957207257,26.700437545839936,3.595028158796015,5.114099610570034,10.750218709668271,27.165597437540484,0.9078648007599959,6.833101348198676,31.76572350428398,92.94102941237932
3,25.848519361395887,26.75978072462343,3.6026835308417415,5.121116098440082,10.726672173010915,27.118139904956188,0.9077499667782114,6.851568679164268,31.711789267539512,92.93197874059646
4,25.870652687949008,26.746364617683863,3.648043025506858,5.078056365840009,10.686470097514421,27.004841849372557,0.8974398390035485,6.83427744369226,31.705912757974136,92.86294228780439
5,25.889166944237573,26.860811512163416,3.657163613484852,5.160498200654322,10.723011175820309,27.267262241116374,0.9114477241274834,6.87035641950865,31.76224597656274,93.27383454807507
6,25.877197041937965,26.808357210124058,3.5940142786884994,5.127625922244567,10.743370628576972,27.236403907896552,0.9121903929369972,6.850391317870732,31.75941710481295,93.10686526455468
7,25.86614699344562,26.892242126089812,3.711085149426313,5.176455882343631,10.73607241305808,27.322497617992106,0.9142537887364318,6.909315605349476,31.75348783930884,93.36396916568977
8,25.86690605152422,26.807206275647054,3.6040026445869073,5.162132344378439,10.74585645606905,27.20590387669031,0.912411902284892,6.872675287927299,31.78217082449771,93.09095925115108
9,25.841568334434843,26.771782982440293,3.5900112495266336,5.123759838364174,10.718276557923572,27.14533148960935,0.9061152596337014,6.8658805311142705,31.727457216011107,92.98614128987954
10,25.866982570565117,26.803950634301234,3.609993991712767,5.115333596196346,10.74505147257051,27.14069612897508,0.9110471974270481,6.856267690647632,31.747240359528632,93.00611895570073
11,25.88662471799358,26.856559326795054,3.650717452809444,5.136190995908959,10.717961766298707,27.052624696808973,0.9049620363455492,6.878688580718005,31.712111123655973,93.09145773584453
12,25.849186226839556,26.830105867812804,3.639952091248742,5.141706316577774,10.726785529855093,27.173330621643043,0.9135909206153598,6.87097303703472,31.736037513142115,93.09909289916358
13,25.82677379015245,26.815584843384205,3.6439668321685708,5.125210379162209,10.654429527684226,27.093710564629045,0.9135717339697986,6.892172455426409,31.70582340063299,93.19531404512054
14,25.85527531956716,26.794668198284864,3.639434957860255,5.133116725321515,10.703873487390878,27.132946346025935,0.9028846121761314,6.840918770753249,31.70025003098535,92.89688406184752
15,25.89391110808904,26.677608146954068,3.6463627594586714,5.1234941888035745,10.720319623587914,27.173432799938055,0.9096532110677992,6.829306340831235,31.7157258919498,92.96113320246646
16,25.920147281093048,26.78698986844653,3.6559472396932002,5.161388252773811,10.793481750188706,27.36451448457425,0.9039946210751825,6.888239250384937,31.760812955532455,93.05005106450761
17,25.855013310066543,26.819401329756904,3.616346132335151,5.1602750153108135,10.731460877089457,27.279082585800833,0.9183339063617548,6.849402993698255,31.790323967782548,93.18665057640617
18,25.924894886567305,26.689119144094327,3.6592359412696704,5.095136495671584,10.774668104086201,27.019909959046284,0.8936212056751355,6.851693245167366,31.714285639376985,92.75729446213627
19,25.87460473804686,26.882889132013506,3.6511582059214627,5.1589583301518225,10.74604650681603,27.301439955396845,0.9060838861435433,6.893385967155029,31.76529907393645,93.1877477818065
20,25.900622711704834,26.77785515897285,3.602637766333992,5.112659240579496,10.765655615910536,27.185979378117676,0.9043107918158545,6.869171201779889,31.74403719284824,92.9646844779873
21,25.858519986933693,26.776086539793052,3.5908841282022066,5.110316275616681,10.704024750783955,27.01420174029769,0.9087178910815797,6.820050516211116,31.757699505562933,93.09075627124629
22,25.863081515584966,26.769448624555707,3.6320853592215823,5.125391944803339,10.737253453558893,27.13179863525756,0.9035508299592684,6.88015072159317,31.71882988015357,92.83324530653955
23,25.861714126253915,26.814837258433855,3.6575075091825218,5.133501599611294,10.711307635425943,27.151474680421526,0.9101567150697224,6.85312498452526,31.774442708548715,93.06916899730692
24,25.880991759960796,26.77252633973642,3.6223270256490276,5.148937110500762,10.776744977820139,27.325400367048942,0.9153830811826253,6.843389542380426,31.819423261582088,93.08717335986059
25,25.93600173467991,26.905782954553693,3.7189796348952595,5.133801641654351,10.760534965168542,27.191093587384007,0.9052054335309303,6.902723316947343,31.76447535094265,93.22027464477078
26,25.865682369483807,26.770111252621973,3.583706627980985,5.121581945342043,10.677832483605764,27.127076554428672,0.9105216069924689,6.824244483562883,31.77713572318103,93.1086299331075
27,25.894359336531398,26.744424648048696,3.625218799331437,5.116398449875165,10.761442355888798,27.083287531303867,0.896765948667862,6.897024895919631,31.69803055711938,92.92421356037192
28,25.848600664456832,26.809609428608557,3.6418910070964334,5.149701672246075,10.736299394374454,27.223200660025334,0.9105033665338021,6.88494363649242,31.707387226511436,93.09704650375458
29,25.927610343552665,26.818918081105167,3.653543271282368,5.167519115217948,10.787958246902866,27.20257603482548,0.9018963398598325,6.85369431913981,31.762235957667073,93.08347209302757
30,25.862076373198814,26.846733772771056,3.6633855498495644,5.136501166556354,10.75769514873043,27.11511243808825,0.8993260478212618,6.8582604029799805,31.70687313301649,93.07715216781236
31,25.853229192213888,26.78511935047244,3.584707874017301,5.1491975270733255,10.742868592614647,27.26231116129455,0.9133698045031193,6.874447655935281,31.741221788760942,93.04601703226218
32,25.907689646088983,26.805198461056456,3.6646167635670226,5.124245742539347,10.733816872944384,27.263367332565334,0.9082108619021175,6.837239357912,31.73570464010321,93.13717809653629
33,25.901420427659225,26.725813598646,3.602880231007135,5.101877298809454,10.791379073209324,27.07024167384274,0.8991904455362355,6.816150229460804,31.793018035067515,92.95111967369017
34,25.871770530288924,26.8297518031519,3.689028731345335,5.139455158569405,10.717411304883429,27.145387677518872,0.9073799992506179,6.871387219807216,31.74598712940484,93.13888941703345
35,25.866805197977573,26.80845953431924,3.6171890866882306,5.135135659609061,10.733204586676907,27.161624590810792,0.910180357850703,6.880674753296313,31.736765695802347,93.02007282210337
36,25.916348961298986,26.691868864257426,3.6107971402358268,5.126293759682092,10.748788179256431,27.113847743754445,0.8905584163859371,6.834679959553675,31.728559972687584,92.77100436136928
37,25.90190514034675,26.734454523676842,3.6360368281296775,5.128188662486756,10.768692093276767,27.075080857093923,0.8994529907214445,6.847965291074101,31.717796796726603,92.99881357743925
38,25.878196953861888,26.791974233040914,3.598411627030292,5.118653529669207,10.73070707552054,27.22821996349546,0.9055092008030938,6.879582835485269,31.768851491901152,92.94151997208522
39,25.859643674036516,26.74750255669428,3.6291943526217545,5.14706985190225,10.722145851838594,27.20478610449481,0.9067970711413732,6.827372037562924,31.735619633464285,93.17792826242906
40,25.902168398200516,26.739194135326763,3.6277610851807616,5.135297172959985,10.784099751053729,27.176651478272728,0.8992281922105569,6.845123927182613,31.745087935579644,92.96341263925281
41,25.85611185379882,26.76730998211461,3.6311568869052913,5.117295259202658,10.732646246988223,27.168470259103763,0.9069755109631642,6.899104768384266,31.699057811649887,92.97995576625043
42,25.880156847776664,26.635542625493144,3.5883327061327788,5.108789695511295,10.698388917800166,27.01148697116905,0.9020765944567336,6.776253752966307,31.746474447748806,93.03034908689101
43,25.890413755566755,26.847025011893603,3.6601936425149506,5.162760806196165,10.72928793908625,27.153817359548842,0.9075084370899149,6.8767639385243715,31.700056497378416,93.25543302635347
44,25.89274860086678,26.847964287822748,3.6443447117697176,5.163141136484534,10.713872121229066,27.257582357377196,0.9184657703213378,6.859683974194011,31.75654046569982,93.03632931861043
45,25.94833065243766,26.83779358443557,3.6961687316557668,5.110418031549818,10.775815464171966,27.213167367906653,0.9004412249069645,6.885764164435852,31.73002141342752,92.94684198113872
46,25.916139683435276,26.77967516723224,3.6286389169048046,5.13883940448425,10.756200738604207,27.292561622483046,0.9126420994200924,6.855052815311129,31.80338294039324,93.07905982982086
47,25.89458884896096,26.743538613926358,3.5786291068011735,5.1237083139276764,10.737958358088793,27.213545413129406,0.9133197518058311,6.8860188311192925,31.794705565346867,92.98366002224085
48,25.88201368514382,26.76386641349872,3.63218284334832,5.123200645811316,10.744338020532558,27.13997526778452,0.9017952522538477,6.892486806537051,31.724100313657612,92.91676057004524
49,25.886372981960594,26.83973361915443,3.66989503941511,5.12497927632674,10.720179813730809,27.16812157586209,0.905477318799858,6.868362915384834,31.76704146517388,92.98457816001216
50,25.889346582685803,26.685529920050143,3.6467880136660416,5.124216520167247,10.719402231794115,27.16210248384945,0.9052685864323347,6.825042611386826,31.73598641035302,93.0818556019229
51,25.880057988119724,26.771193389070778,3.6293749768106283,5.135185251117463,10.770230376733197,27.26644706192274,0.9110781030180488,6.879662451793743,31.753398898425775,93.12924667290422
52,25.846677341465014,26.75945383288635,3.6442582810143618,5.1127505092368,10.73269489174281,27.11399978483287,0.8993888650980494,6.838324728865132,31.71967369818068,93.00752846739158
53,25.85551118713754,26.803649178399873,3.6005933600817217,5.1595609411006205,10.725368048312443,27.265804726571197,0.9145916407550863,6.873750759845725,31.75011957490695,93.06939436816246
54,25.874375875599018,26.70923167959476,3.5768077580080524,5.1145446226717395,10.72707190457542,27.130159052431477,0.9005135012468172,6.849007658041007,31.7143446831767,92.96624330562499
55,25.865045403022112,26.822088618842894,3.638916027140558,5.146735690805116,10.741471429529916,27.26522961399422,0.9209629885524115,6.812013006527379,31.792524947987506,93.16351339930301
56,25.87906350725253,26.748376498902648,3.6097071901478195,5.138431048857325,10.72355999729491,27.215423089889686,0.9182396870433531,6.871447126730915,31.751997256607385,93.17420812311704
57,25.903196311093875,26.827617595221145,3.6237476313419736,5.143084025731988,10.725795242513799,27.196379722456463,0.9099156622615281,6.8876648052340474,31.71195487773087,93.16105526889028
58,25.824677421197606,26.81273802304132,3.6111445715240253,5.108064038760456,10.705112045692463,27.083047012133086,0.9002968291622818,6.8528372160162565,31.721622489451555,92.87884183214575
59,25.900577645157014,26.84277655379935,3.6862581282265237,5.157830636635224,10.748275675886044,27.258277389444796,0.9109479563661366,6.878442428495633,31.73491172564716,93.30156771666132
60,25.861142821946807,26.844436620519556,3.6242627906253597,5.1473655883941465,10.720235060370985,27.173842357069727,0.913676255172918,6.874606402621921,31.763096870433824,93.17927507917696
61,25.864453278088945,26.78077299509403,3.652046695230074,5.137760348541843,10.727324364915662,27.095731333497117,0.8994286326880281,6.849312994343147,31.715374823582874,93.09821394208785
62,25.879743787730263,26.74584055731327,3.6268302405817345,5.114324036161808,10.782711721626187,27.260089989855,0.9083081642583744,6.847616045543687,31.738663319391243,92.93318272011423
63,25.83261060836244,26.792664304327626,3.6096815231015733,5.1509551845978505,10.699646545826441,27.14905215676443,0.9172411756786734,6.839258878536701,31.757613141805333,93.08373079999633
64,25.895228394552007,26.740378948853586,3.585860950178095,5.11785925641299,10.7420003484519,27.11348529961058,0.9034822425945237,6.808118032876904,31.763303706083516,93.0966521775812
65,25.863763026531345,26.750627103426478,3.597404322091193,5.10932542923408,10.717152315703819,27.194613359422625,0.9096569521482245,6.8615022103564325,31.747334290450667,92.84317968271297
66,25.872030308068087,26.77503269674631,3.649598478420908,5.107407299425754,10.753865434660414,27.262208959063365,0.906075798148809,6.874793976529247,31.71547280834345,93.05220191009373
67,25.866790840276934,26.87472525950506,3.6422330107760357,5.1371291785794675,10.728242756737753,27.18090380544499,0.9157437406816991,6.874834523336764,31.74606254290127,93.24644316833037
68,25.895043412264805,26.742103494274655,3.6223202878149565,5.163504842927227,10.773812864702341,27.181371298438787,0.9082618414087537,6.831649560826668,31.751075729110838,92.97247582709332
69,25.88951123820472,26.777064222938783,3.6798320946794587,5.162361070096103,10.740204331003344,27.19771857862187,0.9038908278439871,6.858805178794994,31.773724526642432,93.12237208575392
70,25.844420449414727,26.83443817649459,3.650257651921661,5.128200161385339,10.70302429964075,27.173631967120443,0.9193284215616718,6.86632549181429,31.77194043034138,93.16012976009965
71,25.82667257618742,26.78372679787511,3.6307415368199076,5.118361188610505,10.714955613174874,27.224147456194075,0.9045120558519785,6.880590092800875,31.71644875511009,92.98055036821663
72,25.882918073762742,26.80017662742307,3.6199955711834475,5.131473849987724,10.705982017387639,27.120064761202926,0.908749053225797,6.8315494699495005,31.72389706283042,93.01545789980155
73,25.86579619685573,26.814891197347787,3.6354915572411968,5.107543708651038,10.75445103884364,27.207255895409062,0.9116540760979074,6.881593419040818,31.76272535525575,93.01399369843097
74,25.896375441756152,26.788965154721513,3.6361037272662737,5.110978065472058,10.73108064560812,27.229461416380378,0.9018054054863418,6.861656903462178,31.729867578624663,92.8798084728747
75,25.860204348284743,26.816833310078977,3.615920237258416,5.143643156931765,10.738939725640366,27.166219821795746,0.9020729965331495,6.882742775406216,31.717911279275178,92.98422146411333
76,25.86672504782843,26.827585387171986,3.6823117224435338,5.147860765917326,10.757235705093313,27.18372309118806,0.8993981271681167,6.889921968744307,31.727737558945694,93.01736933713809
77,25.867768847788504,26.813595128867636,3.6568840442701376,5.163211091286914,10.717179119930524,27.051235218236428,0.9022138436098096,6.894538430899865,31.70016034798468,92.88326172552907
78,25.886002995478318,26.80844441723215,3.6215100121129344,5.13741443107791,10.735046568560994,27.247343971373756,0.9159583465945035,6.84091188778859,31.776787438731972,93.14871911636489
79,25.823533520030704,26.769632208638306,3.627694356133848,5.141938814223032,10.697641822537982,27.308018446028036,0.9157532432745843,6.852080145623306,31.750273039626872,93.13196597460492
80,25.84443470997282,26.774223737510294,3.6469945529509213,5.160754286108407,10.690316401507818,27.32436484066107,0.9144963223042057,6.846542516601794,31.74354791938426,93.23819821768194
81,25.90211076293494,26.78813079813277,3.6427717318750727,5.121154196931909,10.781016305566936,27.279470714624132,0.9075326119960551,6.876528945113547,31.796886528245576,93.05780939111412
82,25.896591790181283,26.743779814864514,3.6016717746840583,5.135891472389296,10.716589159719492,27.26851310630518,0.9151967232883891,6.85295169246845,31.754845162085108,93.02263155924057
83,25.849936626143442,26.83579358971529,3.616752442992769,5.107713311877846,10.708926794024707,27.15862879593738,0.9086605328589819,6.850966673076713,31.730686123502977,92.98487552477894
84,25.869172999726022,26.758693413532676,3.642376623714293,5.133285793472456,10.722933154186903,27.17763131003405,0.8995111381368789,6.854029228996,31.72523264091624,92.90025138140527
85,25.85493980577953,26.721952986180742,3.6096723764706344,5.12225184244716,10.72715113429864,27.047136317110038,0.8956112680031886,6.844278393993692,31.71919517486332,92.94989670890887
86,25.88309100121409,26.832867234032573,3.6214643134768845,5.128024277294931,10.741599027346403,27.166900935423584,0.9065099143248518,6.892367646499485,31.733363576701485,93.07972598517787
87,25.874608484615912,26.80296456903917,3.6171382909205207,5.146444877455848,10.738011238660548,27.17487732621758,0.9071341791291726,6.863390667270516,31.777508106320266,93.13973951492436
88,25.83903122448581,26.67595893410819,3.6329967901852744,5.127735413571343,10.68631839651266,27.041784950712742,0.8909809874808695,6.844700021147707,31.67543149463664,92.81561910166286
89,25.87336608519032,26.780578312892118,3.6070380210557067,5.1539317520130155,10.762422703937169,27.248022961897444,0.9076754841351353,6.8741222572219565,31.74743115606515,92.85362894576429
90,25.81301785268029,26.778155447441666,3.558668441012315,5.141624531063216,10.737559065140356,27.17449357512151,0.9091971913241264,6.8596527906549065,31.77209291674583,92.9124545767484
91,25.864967127787512,26.82394072303467,3.6558436035829893,5.128099498429392,10.724941589648111,27.176618435881043,0.904385325899531,6.877808785524003,31.72522599539025,93.22610989472952
92,25.876845905572537,26.832360335616322,3.636555735808711,5.145537380965275,10.737037702884107,27.162675977284767,0.9014383458153282,6.873434969072242,31.72190914374073,93.03564390269112
93,25.91197486302199,26.742938868387437,3.6256267540183273,5.131325910144214,10.790952742208022,27.129416823556653,0.9060737472276853,6.860881584094916,31.752792798628285,92.96804726903972
94,25.89835917805943,26.788122929118416,3.6419224321806483,5.1488872875103455,10.721846526398927,27.23522965036757,0.9127995858791743,6.835817215480019,31.751098174974167,93.15042357812776
95,25.862267240261147,26.76642708028924,3.6412379398273496,5.11920418244894,10.700861758968275,27.05769319146736,0.8992510790826161,6.8438152725792,31.743182043986167,93.08165129970247
96,25.890442556800533,26.79243195161377,3.652268617966031,5.117203442563312,10.753086770724613,27.23489715228734,0.9094356231997395,6.87680813992023,31.804109429673876,93.14406640328399
97,25.880027878614364,26.821014322080057,3.6577036004492944,5.164947970077533,10.764845778573727,27.174588454123203,0.9068758307890982,6.881111008688717,31.772328567569538,93.03471831741261
98,25.894483388099076,26.798077587679195,3.6511950177736727,5.128445828554667,10.7257457571871,27.130790535061113,0.9093571658279063,6.835004543890541,31.726803484819328,93.2659170320961
99,25.903591028792924,26.758956927575216,3.633336201801006,5.112735277732151,10.78759659417473,27.213932814202593,0.9096375333144703,6.845909879338452,31.76670392285402,93.12343490152166
