,activity,feature,intent,permission,provider,service_receiver
0,9.34595883179087,1.7359345704341733,6.4877881898291685,8.600197579089222,0.9700741912140177,13.523089749465932
1,0.9994085654584786,1.682539665997971,0.1095627451604209,1.375538485938956,,
2,0.9509273706458707,0.9390572271920066,0.8207404277364874,2.9871537565946937,0.9678540100531806,
3,0.9974600229702271,0.9050857730555785,0.5218200205934538,1.3787881681259526,0.9719396180016254,0.9372644317524016
4,0.997629070052472,0.5745992483574943,0.4497524038435551,1.204292138974931,,
5,,0.9759607944389618,1.0478837050921803,1.4560455643962937,,
6,,0.9813140404693255,1.0583120740496832,2.401198716962789,,
7,,0.9826539320279635,1.0553473048881896,2.6729619396721596,,
8,,0.9791050123343265,1.0721051233019177,3.0887450538752512,,
9,,0.9765499381292514,1.0533002758718861,4.330273580790066,,
10,,0.9744335956429984,1.0503194966350295,4.353504110223375,,
11,,1.561921634691184,1.047676165903506,4.820596840234642,,
12,,1.5626525226326649,1.0474406891355896,5.078639961102334,,
13,,1.5556836937624978,2.178306932440561,5.203575679751741,,
14,,1.5512980314874327,2.850519171840382,6.675555537683661,,0.978534256415526
15,,1.5590333683192763,2.863135698378115,7.114277018891194,,0.9773200803560003
16,,1.571572717663647,2.88662431650012,7.793212684159797,,0.9805892278373427
17,,1.5825279613546113,2.833903708077273,9.951593650407407,,0.9786227966115191
18,,2.259434648625228,2.86088543941432,11.435793479952173,,0.9795975338476385
19,,2.278385290967677,2.878409805227554,11.636741873274932,,0.9839181303521038
20,,2.239094553856207,3.1475174771723373,10.452003361810963,,0.9772632682445688
21,0.9978001878264606,2.2721956637821,3.7739162804150146,9.467199152399768,,0.9796711395051694
22,0.9970731143286159,2.275603925613384,3.7753113747283438,8.15653900668978,,0.9805009567130991
23,0.9970691356297573,2.2684931011891925,3.8046081167637475,7.946427740860482,,0.9805841546980566
24,0.9981925019491441,2.210319982036724,3.9202280153475537,6.109457951810608,,0.9781931979049048
25,0.9958683886485817,0.9776478075013721,4.03702244837323,5.296658637442374,,0.9806289591674104
26,,0.9797120149174177,3.7928493477728873,5.97609534792879,,
27,,0.9788696171598296,3.7656039497929736,6.319558801868438,,
28,0.9972835325441302,0.9805911230700083,3.7912176238938007,6.524897860749304,,
29,1.1762760472769414,0.9786638128860513,3.763681976020888,8.425596513802311,,
30,1.992806814896205,0.9827535797980963,3.762980521330558,8.125969589938906,,
31,1.9935730799261617,0.9814087018764074,3.8010212465464503,8.164908469910834,,
32,1.99068789858754,0.9727431372955416,3.7790186319706343,8.725993798017319,,
33,1.990989410264054,0.9809019664384501,3.8083877574896827,9.09456506221822,,
34,1.991006102180429,0.9804126207894933,3.7802966629178627,8.8322786486207,,
35,1.9922875497180372,0.97618139612483,3.767913362785272,10.702860405725604,,
36,1.9910494627477116,0.9756522266054604,3.777386745392857,11.702449256496896,,
37,1.9889950167196628,0.9880276458886822,3.7629898860658035,12.346200884790006,,
38,1.991851319638113,1.3089333306565307,3.7959580376269795,12.389861360933041,,
39,1.992704081085892,1.3139858768300121,3.77560808603646,13.328038599539195,,
40,1.9945692803290198,1.3301206051880095,3.7878024125475998,13.710362221167133,,
41,1.9897011522535915,1.3184071928143783,3.7728576341124405,13.726852548933575,,
42,1.9912435487560827,1.3190960867843584,3.7837192860917996,13.286798880391029,,
43,1.9915260937823898,1.3097036680613188,3.779059165090695,13.828019027630088,,
44,1.9921854279212199,1.3162114567458527,3.78393146525078,14.60967738251454,,
45,1.995387147577779,1.3066210436236518,3.7694768152289866,16.15058758430014,,
46,1.9907427337847063,1.3184805412832372,3.7823516411989955,16.779504438261256,,0.941176648302776
47,1.9938182636758313,1.3350933391636093,3.788697651244636,17.40578293652461,,0.9383444934733477
48,1.9922160864682157,1.3337684804991805,3.7826634408896087,17.514049550003623,,0.9337796549491206
49,1.9900090262820522,1.3134645331880963,3.7625532123250536,17.452873573959998,,0.9414894481303007
